class,accuracy
0,0.846000
1,0.914000
2,0.795000
3,0.686000
4,0.836000
5,0.947000
6,0.992000
7,0.985000
8,0.986000
9,0.986000
